ytid,start_s,end_s,category,error
-kpR93atgd8,30,40,account_terminated,ERROR: [youtube] -kpR93atgd8: This video is no longer available because the YouTube account associated with this video has been terminated.
-sevczF5etI,30,40,unavailable,ERROR: [youtube] -sevczF5etI: This video is unavailable
03frQGyrgQ4,30,40,age_signin_or_permission,"ERROR: [youtube] 03frQGyrgQ4: Private video. If the owner of this video has granted you access, please sign in. Use --cookies-from-browser or --cookies for the authentication. See  https://github.com/yt-dlp/yt-dlp/wiki/FAQ#how-do-i-pass-cookies-to-yt-dlp  for how to manually pass cookies. Also see  "
0AhX-ReXovI,120,130,age_signin_or_permission,ERROR: [youtube] 0AhX-ReXovI: Please sign in. Use --cookies-from-browser or --cookies for the authentication. See  https://github.com/yt-dlp/yt-dlp/wiki/FAQ#how-do-i-pass-cookies-to-yt-dlp  for how to manually pass cookies. Also see  https://github.com/yt-dlp/yt-dlp/wiki/Extractors#exporting-youtube
0J_2K1Gvruk,30,40,age_signin_or_permission,"ERROR: [youtube] 0J_2K1Gvruk: Private video. If the owner of this video has granted you access, please sign in. Use --cookies-from-browser or --cookies for the authentication. See  https://github.com/yt-dlp/yt-dlp/wiki/FAQ#how-do-i-pass-cookies-to-yt-dlp  for how to manually pass cookies. Also see  "
0QYNC7J05XI,30,40,age_signin_or_permission,ERROR: [youtube] 0QYNC7J05XI: Please sign in. Use --cookies-from-browser or --cookies for the authentication. See  https://github.com/yt-dlp/yt-dlp/wiki/FAQ#how-do-i-pass-cookies-to-yt-dlp  for how to manually pass cookies. Also see  https://github.com/yt-dlp/yt-dlp/wiki/Extractors#exporting-youtube
0VsjSa1X7iA,30,40,age_signin_or_permission,"ERROR: [youtube] 0VsjSa1X7iA: Private video. If the owner of this video has granted you access, please sign in. Use --cookies-from-browser or --cookies for the authentication. See  https://github.com/yt-dlp/yt-dlp/wiki/FAQ#how-do-i-pass-cookies-to-yt-dlp  for how to manually pass cookies. Also see  "
0i8VM_EooCs,30,40,copyright_removed,ERROR: [youtube] 0i8VM_EooCs: It was removed following a copyright removal request by Terrabyte Music Limited
0khKvVDyYV4,240,250,unavailable,ERROR: [youtube] 0khKvVDyYV4: This video is unavailable
1RhYdQnZ_hw,30,40,account_terminated,ERROR: [youtube] 1RhYdQnZ_hw: This video is no longer available because the YouTube account associated with this video has been terminated.
1SO5RJLWKAs,30,40,unavailable,ERROR: [youtube] 1SO5RJLWKAs: This video is unavailable
1TyOPtg0Yfk,30,40,account_terminated,ERROR: [youtube] 1TyOPtg0Yfk: This video is no longer available because the YouTube account associated with this video has been terminated.
1W2FOzSXsxs,30,40,age_signin_or_permission,ERROR: [youtube] 1W2FOzSXsxs: Please sign in. Use --cookies-from-browser or --cookies for the authentication. See  https://github.com/yt-dlp/yt-dlp/wiki/FAQ#how-do-i-pass-cookies-to-yt-dlp  for how to manually pass cookies. Also see  https://github.com/yt-dlp/yt-dlp/wiki/Extractors#exporting-youtube
1YPYQP6yupA,30,40,age_signin_or_permission,"ERROR: [youtube] 1YPYQP6yupA: Private video. If the owner of this video has granted you access, please sign in. Use --cookies-from-browser or --cookies for the authentication. See  https://github.com/yt-dlp/yt-dlp/wiki/FAQ#how-do-i-pass-cookies-to-yt-dlp  for how to manually pass cookies. Also see  "
1i1sbQOILb0,30,40,unavailable,ERROR: [youtube] 1i1sbQOILb0: This video is unavailable
25Ccp8usBtE,30,40,account_terminated,ERROR: [youtube] 25Ccp8usBtE: This video is no longer available because the YouTube account associated with this video has been terminated.
25RWrqQol7Y,30,40,age_signin_or_permission,"ERROR: [youtube] 25RWrqQol7Y: Private video. If the owner of this video has granted you access, please sign in. Use --cookies-from-browser or --cookies for the authentication. See  https://github.com/yt-dlp/yt-dlp/wiki/FAQ#how-do-i-pass-cookies-to-yt-dlp  for how to manually pass cookies. Also see  "
2G5bSYHcJSM,30,40,account_terminated,ERROR: [youtube] 2G5bSYHcJSM: This video is no longer available because the YouTube account associated with this video has been terminated.
2hgvuYGc95o,80,90,age_signin_or_permission,"ERROR: [youtube] 2hgvuYGc95o: Private video. If the owner of this video has granted you access, please sign in. Use --cookies-from-browser or --cookies for the authentication. See  https://github.com/yt-dlp/yt-dlp/wiki/FAQ#how-do-i-pass-cookies-to-yt-dlp  for how to manually pass cookies. Also see  "
32C6w8V7TX8,30,40,age_signin_or_permission,"ERROR: [youtube] 32C6w8V7TX8: Private video. If the owner of this video has granted you access, please sign in. Use --cookies-from-browser or --cookies for the authentication. See  https://github.com/yt-dlp/yt-dlp/wiki/FAQ#how-do-i-pass-cookies-to-yt-dlp  for how to manually pass cookies. Also see  "
338iZ76huSQ,80,90,postprocessing_error,ERROR: Postprocessing: WARNING: unable to obtain file audio codec with ffprobe
3TO4C7SiC7I,30,40,account_terminated,ERROR: [youtube] 3TO4C7SiC7I: This video is no longer available because the YouTube account associated with this video has been terminated.
3VEMHWnewuc,10,20,copyright_removed,ERROR: [youtube] 3VEMHWnewuc: It was removed following a copyright removal request by 創価学会
3obJKn19jTE,30,40,age_signin_or_permission,"ERROR: [youtube] 3obJKn19jTE: This video is private. If the owner of this video has granted you access, please sign in. Use --cookies-from-browser or --cookies for the authentication. See  https://github.com/yt-dlp/yt-dlp/wiki/FAQ#how-do-i-pass-cookies-to-yt-dlp  for how to manually pass cookies. Al"
42xehaGoJbc,30,40,unavailable,ERROR: [youtube] 42xehaGoJbc: This video is unavailable
4Psyk_xyBl0,40,50,unavailable,ERROR: [youtube] 4Psyk_xyBl0: This video is unavailable
4i1aizhCnfg,30,40,postprocessing_error,ERROR: Postprocessing: WARNING: unable to obtain file audio codec with ffprobe
4q6e_ZDFOZI,30,40,age_signin_or_permission,ERROR: [youtube] 4q6e_ZDFOZI: Please sign in. Use --cookies-from-browser or --cookies for the authentication. See  https://github.com/yt-dlp/yt-dlp/wiki/FAQ#how-do-i-pass-cookies-to-yt-dlp  for how to manually pass cookies. Also see  https://github.com/yt-dlp/yt-dlp/wiki/Extractors#exporting-youtube
4vWChPYkuwA,70,80,other,ERROR: [youtube] 4vWChPYkuwA: It was blocked due to the claimed content by SME.
4ymXDU-48EE,240,250,age_signin_or_permission,"ERROR: [youtube] 4ymXDU-48EE: This video is private. If the owner of this video has granted you access, please sign in. Use --cookies-from-browser or --cookies for the authentication. See  https://github.com/yt-dlp/yt-dlp/wiki/FAQ#how-do-i-pass-cookies-to-yt-dlp  for how to manually pass cookies. Al"
577NM64YL18,110,120,other,ERROR: [youtube] 577NM64YL18: This video may be inappropriate for some users.
5XXAeSybGK0,30,40,age_signin_or_permission,ERROR: [youtube] 5XXAeSybGK0: Please sign in. Use --cookies-from-browser or --cookies for the authentication. See  https://github.com/yt-dlp/yt-dlp/wiki/FAQ#how-do-i-pass-cookies-to-yt-dlp  for how to manually pass cookies. Also see  https://github.com/yt-dlp/yt-dlp/wiki/Extractors#exporting-youtube
5Y_mT93tkvQ,30,40,account_terminated,ERROR: [youtube] 5Y_mT93tkvQ: This video is no longer available because the YouTube account associated with this video has been terminated.
5pIdH6p3kuo,30,40,age_signin_or_permission,ERROR: [youtube] 5pIdH6p3kuo: Please sign in. Use --cookies-from-browser or --cookies for the authentication. See  https://github.com/yt-dlp/yt-dlp/wiki/FAQ#how-do-i-pass-cookies-to-yt-dlp  for how to manually pass cookies. Also see  https://github.com/yt-dlp/yt-dlp/wiki/Extractors#exporting-youtube
63rqIYPHvlc,30,40,age_signin_or_permission,"ERROR: [youtube] 63rqIYPHvlc: This video is private. If the owner of this video has granted you access, please sign in. Use --cookies-from-browser or --cookies for the authentication. See  https://github.com/yt-dlp/yt-dlp/wiki/FAQ#how-do-i-pass-cookies-to-yt-dlp  for how to manually pass cookies. Al"
6_zzu2KON6c,80,90,age_signin_or_permission,"ERROR: [youtube] 6_zzu2KON6c: This video is private. If the owner of this video has granted you access, please sign in. Use --cookies-from-browser or --cookies for the authentication. See  https://github.com/yt-dlp/yt-dlp/wiki/FAQ#how-do-i-pass-cookies-to-yt-dlp  for how to manually pass cookies. Al"
73YTz8RC2Fo,30,40,account_terminated,ERROR: [youtube] 73YTz8RC2Fo: This video is no longer available because the YouTube account associated with this video has been terminated.
7EvLwfwRrqA,30,40,unavailable,ERROR: [youtube] 7EvLwfwRrqA: This video is unavailable
7LGLhQFiE0s,30,40,age_signin_or_permission,"ERROR: [youtube] 7LGLhQFiE0s: This video is private. If the owner of this video has granted you access, please sign in. Use --cookies-from-browser or --cookies for the authentication. See  https://github.com/yt-dlp/yt-dlp/wiki/FAQ#how-do-i-pass-cookies-to-yt-dlp  for how to manually pass cookies. Al"
7nrOZXbpXBo,110,120,other,ERROR: [youtube] 7nrOZXbpXBo: It was blocked due to the claimed content by Central Partnership 2.
8FZb_R2UANY,90,100,other,ERROR: [youtube] 8FZb_R2UANY: It was blocked due to the claimed content by SBS(Seoul Broadcasting System).
8Y0FRjkX9xI,100,110,unavailable,ERROR: [youtube] 8Y0FRjkX9xI: This video is unavailable
8ZK1ajW598M,110,120,unavailable,ERROR: [youtube] 8ZK1ajW598M: This video is unavailable
8hT2G2ew6-c,30,40,unavailable,ERROR: [youtube] 8hT2G2ew6-c: This video is unavailable
8olHAhUKkuk,200,210,unavailable,ERROR: [youtube] 8olHAhUKkuk: This video is unavailable
9ZeoYezrI7Q,60,70,age_signin_or_permission,"ERROR: [youtube] 9ZeoYezrI7Q: This video is private. If the owner of this video has granted you access, please sign in. Use --cookies-from-browser or --cookies for the authentication. See  https://github.com/yt-dlp/yt-dlp/wiki/FAQ#how-do-i-pass-cookies-to-yt-dlp  for how to manually pass cookies. Al"
9nVpyqfyBSE,0,10,postprocessing_error,ERROR: Postprocessing: WARNING: unable to obtain file audio codec with ffprobe
A2bI-MIIJfU,30,40,age_signin_or_permission,"ERROR: [youtube] A2bI-MIIJfU: This video is private. If the owner of this video has granted you access, please sign in. Use --cookies-from-browser or --cookies for the authentication. See  https://github.com/yt-dlp/yt-dlp/wiki/FAQ#how-do-i-pass-cookies-to-yt-dlp  for how to manually pass cookies. Al"
AFWy1qyyMHE,30,40,account_terminated,ERROR: [youtube] AFWy1qyyMHE: This video is no longer available because the YouTube account associated with this video has been terminated.
AaUZb-iRStE,80,90,unavailable,ERROR: [youtube] AaUZb-iRStE: This video is unavailable
Ah_aYOGnQ_I,30,40,other,ERROR: [youtube] Ah_aYOGnQ_I: This video has been removed for violating YouTube's Terms of Service
AtJ2RXQ98kY,30,40,unavailable,ERROR: [youtube] AtJ2RXQ98kY: This video is unavailable
B7iRvj8y9aU,30,40,account_terminated,ERROR: [youtube] B7iRvj8y9aU: This video is no longer available because the YouTube account associated with this video has been terminated.
BKQYrrJVg6g,370,380,unavailable,ERROR: [youtube] BKQYrrJVg6g: This video is unavailable
BN63M3_lPCQ,170,180,postprocessing_error,ERROR: Postprocessing: WARNING: unable to obtain file audio codec with ffprobe
BXo1Tr_oJds,30,40,postprocessing_error,ERROR: Postprocessing: WARNING: unable to obtain file audio codec with ffprobe
Bd0PbyrG6H4,30,40,account_terminated,ERROR: [youtube] Bd0PbyrG6H4: This video is no longer available because the YouTube account associated with this video has been terminated.
BeFzozm_H5M,20,30,age_signin_or_permission,"ERROR: [youtube] BeFzozm_H5M: This video is private. If the owner of this video has granted you access, please sign in. Use --cookies-from-browser or --cookies for the authentication. See  https://github.com/yt-dlp/yt-dlp/wiki/FAQ#how-do-i-pass-cookies-to-yt-dlp  for how to manually pass cookies. Al"
BiQik0xsWxk,30,40,account_terminated,ERROR: [youtube] BiQik0xsWxk: This video is no longer available because the YouTube account associated with this video has been terminated.
C6-JxDWYJ-A,70,80,account_terminated,ERROR: [youtube] C6-JxDWYJ-A: This video is no longer available because the YouTube account associated with this video has been terminated.
C7OIuhWSbjU,40,50,unavailable,ERROR: [youtube] C7OIuhWSbjU: This video is unavailable
CCFYOw8keiI,100,110,unavailable,ERROR: [youtube] CCFYOw8keiI: This video is unavailable
CaCjiFUL6Fg,170,180,account_terminated,ERROR: [youtube] CaCjiFUL6Fg: This video is no longer available because the YouTube account associated with this video has been terminated.
CyFsI_EYFQQ,30,40,age_signin_or_permission,"ERROR: [youtube] CyFsI_EYFQQ: This video is private. If the owner of this video has granted you access, please sign in. Use --cookies-from-browser or --cookies for the authentication. See  https://github.com/yt-dlp/yt-dlp/wiki/FAQ#how-do-i-pass-cookies-to-yt-dlp  for how to manually pass cookies. Al"
CyiPyjYX6AE,30,40,postprocessing_error,ERROR: Postprocessing: WARNING: unable to obtain file audio codec with ffprobe
Czbi1u-gwUU,130,140,copyright_removed,ERROR: [youtube] Czbi1u-gwUU: It was removed following a copyright removal request by Cheb Hasni
D8-x1T8M4gk,30,40,unavailable,ERROR: [youtube] D8-x1T8M4gk: This video is unavailable
DGlP6oTqe5Y,30,40,account_terminated,ERROR: [youtube] DGlP6oTqe5Y: This video is no longer available because the YouTube account associated with this video has been terminated.
DHDn79ee98Q,30,40,unavailable,ERROR: [youtube] DHDn79ee98Q: This video is unavailable
DMwvY--3XD0,30,40,age_signin_or_permission,ERROR: [youtube] DMwvY--3XD0: Please sign in. Use --cookies-from-browser or --cookies for the authentication. See  https://github.com/yt-dlp/yt-dlp/wiki/FAQ#how-do-i-pass-cookies-to-yt-dlp  for how to manually pass cookies. Also see  https://github.com/yt-dlp/yt-dlp/wiki/Extractors#exporting-youtube
DQzg3cZeYSw,30,40,age_signin_or_permission,ERROR: [youtube] DQzg3cZeYSw: Please sign in. Use --cookies-from-browser or --cookies for the authentication. See  https://github.com/yt-dlp/yt-dlp/wiki/FAQ#how-do-i-pass-cookies-to-yt-dlp  for how to manually pass cookies. Also see  https://github.com/yt-dlp/yt-dlp/wiki/Extractors#exporting-youtube
DpS_TigOHWo,180,190,unavailable,ERROR: [youtube] DpS_TigOHWo: This video is unavailable
DysXetu2I0E,30,40,unavailable,ERROR: [youtube] DysXetu2I0E: This video is unavailable
EUmfsCvmkgo,0,10,age_signin_or_permission,ERROR: [youtube] EUmfsCvmkgo: Please sign in. Use --cookies-from-browser or --cookies for the authentication. See  https://github.com/yt-dlp/yt-dlp/wiki/FAQ#how-do-i-pass-cookies-to-yt-dlp  for how to manually pass cookies. Also see  https://github.com/yt-dlp/yt-dlp/wiki/Extractors#exporting-youtube
EfUUgsioXyU,70,80,age_signin_or_permission,"ERROR: [youtube] EfUUgsioXyU: This video is private. If the owner of this video has granted you access, please sign in. Use --cookies-from-browser or --cookies for the authentication. See  https://github.com/yt-dlp/yt-dlp/wiki/FAQ#how-do-i-pass-cookies-to-yt-dlp  for how to manually pass cookies. Al"
EhFWLbNBOxc,60,70,unavailable,ERROR: [youtube] EhFWLbNBOxc: This video is unavailable
EsHXnkZ_W2c,40,50,account_terminated,ERROR: [youtube] EsHXnkZ_W2c: This video is no longer available because the YouTube account associated with this video has been terminated.
F3uf_RleI3E,210,220,age_signin_or_permission,"ERROR: [youtube] F3uf_RleI3E: This video is private. If the owner of this video has granted you access, please sign in. Use --cookies-from-browser or --cookies for the authentication. See  https://github.com/yt-dlp/yt-dlp/wiki/FAQ#how-do-i-pass-cookies-to-yt-dlp  for how to manually pass cookies. Al"
FYwDTJtEzhk,0,10,copyright_removed,"ERROR: [youtube] FYwDTJtEzhk: It was removed following a copyright removal request by TOKYO BROADCASTING SYSTEM, INC. の代理人弁護士(TBS's lawyer)"
FscE_AHEmFk,0,10,other,ERROR: [youtube] FscE_AHEmFk: This video is not available
FtskdD6Py7Y,30,40,unavailable,ERROR: [youtube] FtskdD6Py7Y: This video is unavailable
Fv9swdLA-lo,90,100,account_terminated,ERROR: [youtube] Fv9swdLA-lo: This video is no longer available because the YouTube account associated with this video has been terminated.
FxeA9blzUD8,30,40,age_signin_or_permission,ERROR: [youtube] FxeA9blzUD8: Please sign in. Use --cookies-from-browser or --cookies for the authentication. See  https://github.com/yt-dlp/yt-dlp/wiki/FAQ#how-do-i-pass-cookies-to-yt-dlp  for how to manually pass cookies. Also see  https://github.com/yt-dlp/yt-dlp/wiki/Extractors#exporting-youtube
GBLKj2d0iC4,30,40,age_signin_or_permission,"ERROR: [youtube] GBLKj2d0iC4: This video is private. If the owner of this video has granted you access, please sign in. Use --cookies-from-browser or --cookies for the authentication. See  https://github.com/yt-dlp/yt-dlp/wiki/FAQ#how-do-i-pass-cookies-to-yt-dlp  for how to manually pass cookies. Al"
GcbCOmNiVm8,0,10,age_signin_or_permission,"ERROR: [youtube] GcbCOmNiVm8: This video is private. If the owner of this video has granted you access, please sign in. Use --cookies-from-browser or --cookies for the authentication. See  https://github.com/yt-dlp/yt-dlp/wiki/FAQ#how-do-i-pass-cookies-to-yt-dlp  for how to manually pass cookies. Al"
HAHn_zB47ig,80,90,age_signin_or_permission,"ERROR: [youtube] HAHn_zB47ig: This video is private. If the owner of this video has granted you access, please sign in. Use --cookies-from-browser or --cookies for the authentication. See  https://github.com/yt-dlp/yt-dlp/wiki/FAQ#how-do-i-pass-cookies-to-yt-dlp  for how to manually pass cookies. Al"
HVA9-fjtv6U,60,70,unavailable,ERROR: [youtube] HVA9-fjtv6U: This video is unavailable
HkCYA4ax4jI,70,80,age_signin_or_permission,ERROR: [youtube] HkCYA4ax4jI: Please sign in. Use --cookies-from-browser or --cookies for the authentication. See  https://github.com/yt-dlp/yt-dlp/wiki/FAQ#how-do-i-pass-cookies-to-yt-dlp  for how to manually pass cookies. Also see  https://github.com/yt-dlp/yt-dlp/wiki/Extractors#exporting-youtube
Hob0LAu8afQ,110,120,age_signin_or_permission,"ERROR: [youtube] Hob0LAu8afQ: This video is private. If the owner of this video has granted you access, please sign in. Use --cookies-from-browser or --cookies for the authentication. See  https://github.com/yt-dlp/yt-dlp/wiki/FAQ#how-do-i-pass-cookies-to-yt-dlp  for how to manually pass cookies. Al"
Hvs6Xwc6-gc,30,40,account_terminated,ERROR: [youtube] Hvs6Xwc6-gc: This video is no longer available because the YouTube account associated with this video has been terminated.
I1fcUe9MoMw,120,130,age_signin_or_permission,ERROR: [youtube] I1fcUe9MoMw: Please sign in. Use --cookies-from-browser or --cookies for the authentication. See  https://github.com/yt-dlp/yt-dlp/wiki/FAQ#how-do-i-pass-cookies-to-yt-dlp  for how to manually pass cookies. Also see  https://github.com/yt-dlp/yt-dlp/wiki/Extractors#exporting-youtube
IF-77lLlMzE,30,40,account_terminated,ERROR: [youtube] IF-77lLlMzE: This video is no longer available because the YouTube account associated with this video has been terminated.
IbJh1xeBFcI,100,110,unavailable,ERROR: [youtube] IbJh1xeBFcI: This video is unavailable
InfQUMh935c,30,40,unavailable,ERROR: [youtube] InfQUMh935c: This video is unavailable
JDWPJ1AiDKc,30,40,postprocessing_error,ERROR: Postprocessing: WARNING: unable to obtain file audio codec with ffprobe
JL9Xxzf9e2A,30,40,account_terminated,ERROR: [youtube] JL9Xxzf9e2A: This video is no longer available because the YouTube account associated with this video has been terminated.
JNw0A8pRnsQ,30,40,unavailable,ERROR: [youtube] JNw0A8pRnsQ: This video is unavailable
JUrYWttZJBM,30,40,age_signin_or_permission,"ERROR: [youtube] JUrYWttZJBM: This video is private. If the owner of this video has granted you access, please sign in. Use --cookies-from-browser or --cookies for the authentication. See  https://github.com/yt-dlp/yt-dlp/wiki/FAQ#how-do-i-pass-cookies-to-yt-dlp  for how to manually pass cookies. Al"
Jk2mvFrdZTU,20,30,copyright_removed,ERROR: [youtube] Jk2mvFrdZTU: It was removed following a copyright removal request by Abderrahim Sefiani
Js_3Aa214xY,30,40,account_terminated,ERROR: [youtube] Js_3Aa214xY: This video is no longer available because the YouTube account associated with this video has been terminated.
KCytKo5LzCc,30,40,age_signin_or_permission,ERROR: [youtube] KCytKo5LzCc: Please sign in. Use --cookies-from-browser or --cookies for the authentication. See  https://github.com/yt-dlp/yt-dlp/wiki/FAQ#how-do-i-pass-cookies-to-yt-dlp  for how to manually pass cookies. Also see  https://github.com/yt-dlp/yt-dlp/wiki/Extractors#exporting-youtube
KZ8gBHLNmH0,110,120,copyright_removed,ERROR: [youtube] KZ8gBHLNmH0: It was removed following a copyright removal request by Jose Braat
KfAq7kxHjPk,130,140,age_signin_or_permission,ERROR: [youtube] KfAq7kxHjPk: Please sign in. Use --cookies-from-browser or --cookies for the authentication. See  https://github.com/yt-dlp/yt-dlp/wiki/FAQ#how-do-i-pass-cookies-to-yt-dlp  for how to manually pass cookies. Also see  https://github.com/yt-dlp/yt-dlp/wiki/Extractors#exporting-youtube
KfLxBjl-aBU,0,10,unavailable,ERROR: [youtube] KfLxBjl-aBU: This video is unavailable
KikHXfUanJk,0,10,account_terminated,ERROR: [youtube] KikHXfUanJk: This video is no longer available because the YouTube account associated with this video has been terminated.
L5Uu_0xEZg4,80,90,unavailable,ERROR: [youtube] L5Uu_0xEZg4: This video is unavailable
LCMQXFKMLIM,110,120,age_signin_or_permission,"ERROR: [youtube] LCMQXFKMLIM: This video is private. If the owner of this video has granted you access, please sign in. Use --cookies-from-browser or --cookies for the authentication. See  https://github.com/yt-dlp/yt-dlp/wiki/FAQ#how-do-i-pass-cookies-to-yt-dlp  for how to manually pass cookies. Al"
LRfVQsnaVQE,30,40,account_terminated,ERROR: [youtube] LRfVQsnaVQE: This video is no longer available because the YouTube account associated with this video has been terminated.
MP7KPlqoQW0,30,40,account_terminated,ERROR: [youtube] MP7KPlqoQW0: This video is no longer available because the YouTube account associated with this video has been terminated.
MROotmz8a-U,180,190,unavailable,ERROR: [youtube] MROotmz8a-U: This video is unavailable
MYtq46rNsCA,30,40,account_terminated,ERROR: [youtube] MYtq46rNsCA: This video is no longer available because the YouTube account associated with this video has been terminated.
MdsRmMxkF4k,50,60,account_terminated,ERROR: [youtube] MdsRmMxkF4k: This video is no longer available because the YouTube account associated with this video has been terminated.
Mp1MHSeHa0o,0,10,account_terminated,ERROR: [youtube] Mp1MHSeHa0o: This video is no longer available because the YouTube account associated with this video has been terminated.
NC5tIv4-8fg,130,140,age_signin_or_permission,"ERROR: [youtube] NC5tIv4-8fg: This video is private. If the owner of this video has granted you access, please sign in. Use --cookies-from-browser or --cookies for the authentication. See  https://github.com/yt-dlp/yt-dlp/wiki/FAQ#how-do-i-pass-cookies-to-yt-dlp  for how to manually pass cookies. Al"
NIcsJ8sEd0M,30,40,unavailable,ERROR: [youtube] NIcsJ8sEd0M: This video is unavailable
NXuB3ZEpM5U,30,40,age_signin_or_permission,"ERROR: [youtube] NXuB3ZEpM5U: This video is private. If the owner of this video has granted you access, please sign in. Use --cookies-from-browser or --cookies for the authentication. See  https://github.com/yt-dlp/yt-dlp/wiki/FAQ#how-do-i-pass-cookies-to-yt-dlp  for how to manually pass cookies. Al"
NZYDLDIyZr8,260,270,unavailable,ERROR: [youtube] NZYDLDIyZr8: This video is unavailable
NgniX3tg_Mo,50,60,unavailable,ERROR: [youtube] NgniX3tg_Mo: This video is unavailable
OO1Q-3kXCtM,10,20,age_signin_or_permission,"ERROR: [youtube] OO1Q-3kXCtM: This video is private. If the owner of this video has granted you access, please sign in. Use --cookies-from-browser or --cookies for the authentication. See  https://github.com/yt-dlp/yt-dlp/wiki/FAQ#how-do-i-pass-cookies-to-yt-dlp  for how to manually pass cookies. Al"
OS4YFp3DiEE,250,260,account_terminated,ERROR: [youtube] OS4YFp3DiEE: This video is no longer available because the YouTube account associated with this video has been terminated.
OoRUo92emGo,10,20,age_signin_or_permission,"ERROR: [youtube] OoRUo92emGo: This video is private. If the owner of this video has granted you access, please sign in. Use --cookies-from-browser or --cookies for the authentication. See  https://github.com/yt-dlp/yt-dlp/wiki/FAQ#how-do-i-pass-cookies-to-yt-dlp  for how to manually pass cookies. Al"
PTCsH-ffeq4,380,390,unavailable,ERROR: [youtube] PTCsH-ffeq4: This video is unavailable
PfO7ZVdzfZ4,150,160,account_terminated,ERROR: [youtube] PfO7ZVdzfZ4: This video is no longer available because the YouTube account associated with this video has been terminated.
PmiH7RnCkhI,10,20,unavailable,ERROR: [youtube] PmiH7RnCkhI: This video is unavailable
QBMM1ocXkhY,30,40,age_signin_or_permission,ERROR: [youtube] QBMM1ocXkhY: Please sign in. Use --cookies-from-browser or --cookies for the authentication. See  https://github.com/yt-dlp/yt-dlp/wiki/FAQ#how-do-i-pass-cookies-to-yt-dlp  for how to manually pass cookies. Also see  https://github.com/yt-dlp/yt-dlp/wiki/Extractors#exporting-youtube
QRKc90kuAaE,560,570,unavailable,ERROR: [youtube] QRKc90kuAaE: This video is unavailable
QzO6ylLrTGg,30,40,age_signin_or_permission,"ERROR: [youtube] QzO6ylLrTGg: This video is private. If the owner of this video has granted you access, please sign in. Use --cookies-from-browser or --cookies for the authentication. See  https://github.com/yt-dlp/yt-dlp/wiki/FAQ#how-do-i-pass-cookies-to-yt-dlp  for how to manually pass cookies. Al"
RQ0-sjpAPKU,30,40,age_signin_or_permission,"ERROR: [youtube] RQ0-sjpAPKU: This video is private. If the owner of this video has granted you access, please sign in. Use --cookies-from-browser or --cookies for the authentication. See  https://github.com/yt-dlp/yt-dlp/wiki/FAQ#how-do-i-pass-cookies-to-yt-dlp  for how to manually pass cookies. Al"
Rqv5fu1PCXA,30,40,account_terminated,ERROR: [youtube] Rqv5fu1PCXA: This video is no longer available because the YouTube account associated with this video has been terminated.
RxBFh-zdid4,30,40,age_signin_or_permission,"ERROR: [youtube] RxBFh-zdid4: This video is private. If the owner of this video has granted you access, please sign in. Use --cookies-from-browser or --cookies for the authentication. See  https://github.com/yt-dlp/yt-dlp/wiki/FAQ#how-do-i-pass-cookies-to-yt-dlp  for how to manually pass cookies. Al"
SGFYFPs3Fic,550,560,unavailable,ERROR: [youtube] SGFYFPs3Fic: This video is unavailable
SJ9TY-iqD9Q,10,20,age_signin_or_permission,ERROR: [youtube] SJ9TY-iqD9Q: Please sign in. Use --cookies-from-browser or --cookies for the authentication. See  https://github.com/yt-dlp/yt-dlp/wiki/FAQ#how-do-i-pass-cookies-to-yt-dlp  for how to manually pass cookies. Also see  https://github.com/yt-dlp/yt-dlp/wiki/Extractors#exporting-youtube
SLq-Co_szYo,30,40,age_signin_or_permission,"ERROR: [youtube] SLq-Co_szYo: This video is private. If the owner of this video has granted you access, please sign in. Use --cookies-from-browser or --cookies for the authentication. See  https://github.com/yt-dlp/yt-dlp/wiki/FAQ#how-do-i-pass-cookies-to-yt-dlp  for how to manually pass cookies. Al"
T6iv9GFIVyU,50,60,copyright_removed,ERROR: [youtube] T6iv9GFIVyU: It was removed following a copyright removal request by Rishad Zahir
T7bG4kIEw-M,160,170,age_signin_or_permission,"ERROR: [youtube] T7bG4kIEw-M: This video is private. If the owner of this video has granted you access, please sign in. Use --cookies-from-browser or --cookies for the authentication. See  https://github.com/yt-dlp/yt-dlp/wiki/FAQ#how-do-i-pass-cookies-to-yt-dlp  for how to manually pass cookies. Al"
TFLt7mn57ZI,0,10,unavailable,ERROR: [youtube] TFLt7mn57ZI: This video is unavailable
TqIptTnXb20,100,110,copyright_removed,ERROR: [youtube] TqIptTnXb20: It was removed following a copyright removal request by Vipassana Research Institute
TworrkXAPuI,180,190,age_signin_or_permission,"ERROR: [youtube] TworrkXAPuI: This video is private. If the owner of this video has granted you access, please sign in. Use --cookies-from-browser or --cookies for the authentication. See  https://github.com/yt-dlp/yt-dlp/wiki/FAQ#how-do-i-pass-cookies-to-yt-dlp  for how to manually pass cookies. Al"
ULXbXpLcoVA,30,40,unavailable,ERROR: [youtube] ULXbXpLcoVA: This video is unavailable
UOC4VWQpnDM,110,120,other,ERROR: [youtube] UOC4VWQpnDM: It was blocked due to the claimed content by AltraModaMusic.
UdA6I_tXVHE,6,16,account_terminated,ERROR: [youtube] UdA6I_tXVHE: This video is no longer available because the YouTube account associated with this video has been terminated.
UinQGYfmZhE,120,130,unavailable,ERROR: [youtube] UinQGYfmZhE: This video is unavailable
Uxyu3XwXEV8,30,40,age_signin_or_permission,"ERROR: [youtube] Uxyu3XwXEV8: This video is private. If the owner of this video has granted you access, please sign in. Use --cookies-from-browser or --cookies for the authentication. See  https://github.com/yt-dlp/yt-dlp/wiki/FAQ#how-do-i-pass-cookies-to-yt-dlp  for how to manually pass cookies. Al"
UzAXqTsdtjY,560,570,unavailable,ERROR: [youtube] UzAXqTsdtjY: This video is unavailable
V4YUpQKeKD4,20,30,account_terminated,ERROR: [youtube] V4YUpQKeKD4: This video is no longer available because the YouTube account associated with this video has been terminated.
VOWGbyg4KZY,30,40,unavailable,ERROR: [youtube] VOWGbyg4KZY: This video is unavailable
Vi2posMLsrg,30,40,unavailable,ERROR: [youtube] Vi2posMLsrg: This video is unavailable
Vu7ZUUl4VPc,30,40,age_signin_or_permission,"ERROR: [youtube] Vu7ZUUl4VPc: This video is private. If the owner of this video has granted you access, please sign in. Use --cookies-from-browser or --cookies for the authentication. See  https://github.com/yt-dlp/yt-dlp/wiki/FAQ#how-do-i-pass-cookies-to-yt-dlp  for how to manually pass cookies. Al"
VzHL56yq8bI,30,40,age_signin_or_permission,"ERROR: [youtube] VzHL56yq8bI: This video is private. If the owner of this video has granted you access, please sign in. Use --cookies-from-browser or --cookies for the authentication. See  https://github.com/yt-dlp/yt-dlp/wiki/FAQ#how-do-i-pass-cookies-to-yt-dlp  for how to manually pass cookies. Al"
W0aT3SdtnfY,30,40,age_signin_or_permission,"ERROR: [youtube] W0aT3SdtnfY: This video is private. If the owner of this video has granted you access, please sign in. Use --cookies-from-browser or --cookies for the authentication. See  https://github.com/yt-dlp/yt-dlp/wiki/FAQ#how-do-i-pass-cookies-to-yt-dlp  for how to manually pass cookies. Al"
W4nQpOHIPEw,30,40,age_signin_or_permission,"ERROR: [youtube] W4nQpOHIPEw: This video is private. If the owner of this video has granted you access, please sign in. Use --cookies-from-browser or --cookies for the authentication. See  https://github.com/yt-dlp/yt-dlp/wiki/FAQ#how-do-i-pass-cookies-to-yt-dlp  for how to manually pass cookies. Al"
WIVu5PapmX4,30,40,age_signin_or_permission,"ERROR: [youtube] WIVu5PapmX4: This video is private. If the owner of this video has granted you access, please sign in. Use --cookies-from-browser or --cookies for the authentication. See  https://github.com/yt-dlp/yt-dlp/wiki/FAQ#how-do-i-pass-cookies-to-yt-dlp  for how to manually pass cookies. Al"
WJIrkvEq4EI,30,40,other,ERROR: [youtube] WJIrkvEq4EI: This video has been removed for violating YouTube's policy on violent or graphic content
WKYUiLace9Y,210,220,age_signin_or_permission,"ERROR: [youtube] WKYUiLace9Y: This video is private. If the owner of this video has granted you access, please sign in. Use --cookies-from-browser or --cookies for the authentication. See  https://github.com/yt-dlp/yt-dlp/wiki/FAQ#how-do-i-pass-cookies-to-yt-dlp  for how to manually pass cookies. Al"
W_MZo88gzrA,50,60,other,ERROR: [youtube] W_MZo88gzrA: It was blocked due to the claimed content by Paramount Global (CBS).
We0WIPYrtRE,30,40,unavailable,ERROR: [youtube] We0WIPYrtRE: This video is unavailable
WvEtOYCShfM,60,70,unavailable,ERROR: [youtube] WvEtOYCShfM: This video is unavailable
XCQMJXkI5bA,230,240,other,ERROR: [youtube] XCQMJXkI5bA: This video has been removed for violating YouTube's Terms of Service
XWj7nP7kfdQ,280,290,postprocessing_error,ERROR: Postprocessing: WARNING: unable to obtain file audio codec with ffprobe
Xoke1wUwEXY,160,170,unavailable,ERROR: [youtube] Xoke1wUwEXY: This video is unavailable
XvtL_TTLXHY,30,40,unavailable,ERROR: [youtube] XvtL_TTLXHY: This video is unavailable
Xy7KtmHMQzU,30,40,account_terminated,ERROR: [youtube] Xy7KtmHMQzU: This video is no longer available because the YouTube account associated with this video has been terminated.
Y6OOFbrzdP8,30,40,age_signin_or_permission,ERROR: [youtube] Y6OOFbrzdP8: Please sign in. Use --cookies-from-browser or --cookies for the authentication. See  https://github.com/yt-dlp/yt-dlp/wiki/FAQ#how-do-i-pass-cookies-to-yt-dlp  for how to manually pass cookies. Also see  https://github.com/yt-dlp/yt-dlp/wiki/Extractors#exporting-youtube
YE2rN3xknlk,30,40,unavailable,ERROR: [youtube] YE2rN3xknlk: This video is unavailable
Y_eh6C0EBP8,0,10,postprocessing_error,ERROR: Postprocessing: WARNING: unable to obtain file audio codec with ffprobe
Yd8JBTdUvrw,30,40,other,ERROR: ffmpeg exited with code 4294967291
ZEN8_GtW_UQ,30,40,unavailable,ERROR: [youtube] ZEN8_GtW_UQ: This video is unavailable
ZHzhdhKEjMc,30,40,other,ERROR: [youtube] ZHzhdhKEjMc: It was blocked due to the claimed content by Disney.
ZLDQ8-8AyI4,30,40,age_signin_or_permission,"ERROR: [youtube] ZLDQ8-8AyI4: This video is private. If the owner of this video has granted you access, please sign in. Use --cookies-from-browser or --cookies for the authentication. See  https://github.com/yt-dlp/yt-dlp/wiki/FAQ#how-do-i-pass-cookies-to-yt-dlp  for how to manually pass cookies. Al"
ZZrvO__SNtA,130,140,age_signin_or_permission,ERROR: [youtube] ZZrvO__SNtA: Please sign in. Use --cookies-from-browser or --cookies for the authentication. See  https://github.com/yt-dlp/yt-dlp/wiki/FAQ#how-do-i-pass-cookies-to-yt-dlp  for how to manually pass cookies. Also see  https://github.com/yt-dlp/yt-dlp/wiki/Extractors#exporting-youtube
ZocCGcJcGJE,30,40,unavailable,ERROR: [youtube] ZocCGcJcGJE: This video is unavailable
Zs3arUuPciY,240,250,other,ERROR: [youtube] Zs3arUuPciY: We're processing this video. Check back later.
_-kssA-FOzU,300,310,age_signin_or_permission,ERROR: [youtube] _-kssA-FOzU: Please sign in. Use --cookies-from-browser or --cookies for the authentication. See  https://github.com/yt-dlp/yt-dlp/wiki/FAQ#how-do-i-pass-cookies-to-yt-dlp  for how to manually pass cookies. Also see  https://github.com/yt-dlp/yt-dlp/wiki/Extractors#exporting-youtube
_3OlK_1yQOk,30,40,other,ERROR: [youtube] _3OlK_1yQOk: It was blocked due to the claimed content by Storm Labels Inc..
_ACyiKGpD8Y,60,70,unavailable,ERROR: [youtube] _ACyiKGpD8Y: This video is unavailable
_DHMdtRRJzE,140,150,age_signin_or_permission,"ERROR: [youtube] _DHMdtRRJzE: This video is private. If the owner of this video has granted you access, please sign in. Use --cookies-from-browser or --cookies for the authentication. See  https://github.com/yt-dlp/yt-dlp/wiki/FAQ#how-do-i-pass-cookies-to-yt-dlp  for how to manually pass cookies. Al"
_GQnXfIGNKY,150,160,age_signin_or_permission,"ERROR: [youtube] _GQnXfIGNKY: This video is private. If the owner of this video has granted you access, please sign in. Use --cookies-from-browser or --cookies for the authentication. See  https://github.com/yt-dlp/yt-dlp/wiki/FAQ#how-do-i-pass-cookies-to-yt-dlp  for how to manually pass cookies. Al"
_yRFCl-z-EE,190,200,postprocessing_error,ERROR: Postprocessing: WARNING: unable to obtain file audio codec with ffprobe
aBEiuYSSEH0,550,560,other,ERROR: [youtube] aBEiuYSSEH0: It was blocked due to the claimed content by [Simca] Millennium Audios and Video Vision.
aSyRV5j2zV4,320,330,postprocessing_error,ERROR: Postprocessing: WARNING: unable to obtain file audio codec with ffprobe
ab8V7MYQVyg,190,200,unavailable,ERROR: [youtube] ab8V7MYQVyg: This video is unavailable
asYb6iDz_kM,180,190,age_signin_or_permission,"ERROR: [youtube] asYb6iDz_kM: This video is private. If the owner of this video has granted you access, please sign in. Use --cookies-from-browser or --cookies for the authentication. See  https://github.com/yt-dlp/yt-dlp/wiki/FAQ#how-do-i-pass-cookies-to-yt-dlp  for how to manually pass cookies. Al"
ba3QPheW8mI,170,180,unavailable,ERROR: [youtube] ba3QPheW8mI: This video is unavailable
bpKbpKZB0Q0,30,40,age_signin_or_permission,ERROR: [youtube] bpKbpKZB0Q0: Please sign in. Use --cookies-from-browser or --cookies for the authentication. See  https://github.com/yt-dlp/yt-dlp/wiki/FAQ#how-do-i-pass-cookies-to-yt-dlp  for how to manually pass cookies. Also see  https://github.com/yt-dlp/yt-dlp/wiki/Extractors#exporting-youtube
bpwO0lbJPF4,20,30,unavailable,ERROR: [youtube] bpwO0lbJPF4: This video is unavailable
bsz_enSJSVk,10,20,postprocessing_error,ERROR: Postprocessing: WARNING: unable to obtain file audio codec with ffprobe
cADT8fUucLQ,30,40,account_terminated,ERROR: [youtube] cADT8fUucLQ: This video is no longer available because the YouTube account associated with this video has been terminated.
caFMauLQvd4,160,170,unavailable,ERROR: [youtube] caFMauLQvd4: This video is unavailable
cu0k3Uclp1I,180,190,age_signin_or_permission,"ERROR: [youtube] cu0k3Uclp1I: This video is private. If the owner of this video has granted you access, please sign in. Use --cookies-from-browser or --cookies for the authentication. See  https://github.com/yt-dlp/yt-dlp/wiki/FAQ#how-do-i-pass-cookies-to-yt-dlp  for how to manually pass cookies. Al"
d0Uz_RnRV88,460,470,age_signin_or_permission,"ERROR: [youtube] d0Uz_RnRV88: This video is private. If the owner of this video has granted you access, please sign in. Use --cookies-from-browser or --cookies for the authentication. See  https://github.com/yt-dlp/yt-dlp/wiki/FAQ#how-do-i-pass-cookies-to-yt-dlp  for how to manually pass cookies. Al"
d6-bQMCz7j0,30,40,age_signin_or_permission,"ERROR: [youtube] d6-bQMCz7j0: This video is private. If the owner of this video has granted you access, please sign in. Use --cookies-from-browser or --cookies for the authentication. See  https://github.com/yt-dlp/yt-dlp/wiki/FAQ#how-do-i-pass-cookies-to-yt-dlp  for how to manually pass cookies. Al"
dcY062mkf9g,130,140,unavailable,ERROR: [youtube] dcY062mkf9g: This video is unavailable
dcgwxlK3VVk,30,40,bot_check,ERROR: [youtube] dcgwxlK3VVk: Sign in to confirm you’re not a bot. Use --cookies-from-browser or --cookies for the authentication. See  https://github.com/yt-dlp/yt-dlp/wiki/FAQ#how-do-i-pass-cookies-to-yt-dlp  for how to manually pass cookies. Also see  https://github.com/yt-dlp/yt-dlp/wiki/Extract
deIj55UAxeo,30,40,unavailable,ERROR: [youtube] deIj55UAxeo: This video is unavailable
doHRurF8bf8,500,510,bot_check,ERROR: [youtube] doHRurF8bf8: Sign in to confirm you’re not a bot. Use --cookies-from-browser or --cookies for the authentication. See  https://github.com/yt-dlp/yt-dlp/wiki/FAQ#how-do-i-pass-cookies-to-yt-dlp  for how to manually pass cookies. Also see  https://github.com/yt-dlp/yt-dlp/wiki/Extract
doX8FjlNPf8,30,40,account_terminated,ERROR: [youtube] doX8FjlNPf8: This video is no longer available because the YouTube account associated with this video has been terminated.
doab948Y_X4,30,40,bot_check,ERROR: [youtube] doab948Y_X4: Sign in to confirm you’re not a bot. Use --cookies-from-browser or --cookies for the authentication. See  https://github.com/yt-dlp/yt-dlp/wiki/FAQ#how-do-i-pass-cookies-to-yt-dlp  for how to manually pass cookies. Also see  https://github.com/yt-dlp/yt-dlp/wiki/Extract
dqJSTTS7HTY,30,40,bot_check,ERROR: [youtube] dqJSTTS7HTY: Sign in to confirm you’re not a bot. Use --cookies-from-browser or --cookies for the authentication. See  https://github.com/yt-dlp/yt-dlp/wiki/FAQ#how-do-i-pass-cookies-to-yt-dlp  for how to manually pass cookies. Also see  https://github.com/yt-dlp/yt-dlp/wiki/Extract
drqKxGmdf8Y,30,40,bot_check,ERROR: [youtube] drqKxGmdf8Y: Sign in to confirm you’re not a bot. Use --cookies-from-browser or --cookies for the authentication. See  https://github.com/yt-dlp/yt-dlp/wiki/FAQ#how-do-i-pass-cookies-to-yt-dlp  for how to manually pass cookies. Also see  https://github.com/yt-dlp/yt-dlp/wiki/Extract
dvDSgmqbrM0,190,200,bot_check,ERROR: [youtube] dvDSgmqbrM0: Sign in to confirm you’re not a bot. Use --cookies-from-browser or --cookies for the authentication. See  https://github.com/yt-dlp/yt-dlp/wiki/FAQ#how-do-i-pass-cookies-to-yt-dlp  for how to manually pass cookies. Also see  https://github.com/yt-dlp/yt-dlp/wiki/Extract
e4abjaPD9R0,270,280,bot_check,ERROR: [youtube] e4abjaPD9R0: Sign in to confirm you’re not a bot. Use --cookies-from-browser or --cookies for the authentication. See  https://github.com/yt-dlp/yt-dlp/wiki/FAQ#how-do-i-pass-cookies-to-yt-dlp  for how to manually pass cookies. Also see  https://github.com/yt-dlp/yt-dlp/wiki/Extract
e5SK6olIYcY,70,80,bot_check,ERROR: [youtube] e5SK6olIYcY: Sign in to confirm you’re not a bot. Use --cookies-from-browser or --cookies for the authentication. See  https://github.com/yt-dlp/yt-dlp/wiki/FAQ#how-do-i-pass-cookies-to-yt-dlp  for how to manually pass cookies. Also see  https://github.com/yt-dlp/yt-dlp/wiki/Extract
e8wnUU5pIWE,30,40,bot_check,ERROR: [youtube] e8wnUU5pIWE: Sign in to confirm you’re not a bot. Use --cookies-from-browser or --cookies for the authentication. See  https://github.com/yt-dlp/yt-dlp/wiki/FAQ#how-do-i-pass-cookies-to-yt-dlp  for how to manually pass cookies. Also see  https://github.com/yt-dlp/yt-dlp/wiki/Extract
eHeUipPZHIc,70,80,other,ERROR: [youtube] eHeUipPZHIc: It was blocked due to the claimed content by SVG Music.
eM0PkfqGmIE,30,40,bot_check,ERROR: [youtube] eM0PkfqGmIE: Sign in to confirm you’re not a bot. Use --cookies-from-browser or --cookies for the authentication. See  https://github.com/yt-dlp/yt-dlp/wiki/FAQ#how-do-i-pass-cookies-to-yt-dlp  for how to manually pass cookies. Also see  https://github.com/yt-dlp/yt-dlp/wiki/Extract
eRiGPyewJpI,130,140,bot_check,ERROR: [youtube] eRiGPyewJpI: Sign in to confirm you’re not a bot. Use --cookies-from-browser or --cookies for the authentication. See  https://github.com/yt-dlp/yt-dlp/wiki/FAQ#how-do-i-pass-cookies-to-yt-dlp  for how to manually pass cookies. Also see  https://github.com/yt-dlp/yt-dlp/wiki/Extract
eVjcfdxSFKQ,550,560,bot_check,ERROR: [youtube] eVjcfdxSFKQ: Sign in to confirm you’re not a bot. Use --cookies-from-browser or --cookies for the authentication. See  https://github.com/yt-dlp/yt-dlp/wiki/FAQ#how-do-i-pass-cookies-to-yt-dlp  for how to manually pass cookies. Also see  https://github.com/yt-dlp/yt-dlp/wiki/Extract
eWGGj4duzIo,110,120,bot_check,ERROR: [youtube] eWGGj4duzIo: Sign in to confirm you’re not a bot. Use --cookies-from-browser or --cookies for the authentication. See  https://github.com/yt-dlp/yt-dlp/wiki/FAQ#how-do-i-pass-cookies-to-yt-dlp  for how to manually pass cookies. Also see  https://github.com/yt-dlp/yt-dlp/wiki/Extract
eWwWwoQLtVg,30,40,bot_check,ERROR: [youtube] eWwWwoQLtVg: Sign in to confirm you’re not a bot. Use --cookies-from-browser or --cookies for the authentication. See  https://github.com/yt-dlp/yt-dlp/wiki/FAQ#how-do-i-pass-cookies-to-yt-dlp  for how to manually pass cookies. Also see  https://github.com/yt-dlp/yt-dlp/wiki/Extract
eZrrzGgTpfk,100,110,bot_check,ERROR: [youtube] eZrrzGgTpfk: Sign in to confirm you’re not a bot. Use --cookies-from-browser or --cookies for the authentication. See  https://github.com/yt-dlp/yt-dlp/wiki/FAQ#how-do-i-pass-cookies-to-yt-dlp  for how to manually pass cookies. Also see  https://github.com/yt-dlp/yt-dlp/wiki/Extract
ecS6SJGkhIw,40,50,bot_check,ERROR: [youtube] ecS6SJGkhIw: Sign in to confirm you’re not a bot. Use --cookies-from-browser or --cookies for the authentication. See  https://github.com/yt-dlp/yt-dlp/wiki/FAQ#how-do-i-pass-cookies-to-yt-dlp  for how to manually pass cookies. Also see  https://github.com/yt-dlp/yt-dlp/wiki/Extract
echeYDYFhlY,30,40,bot_check,ERROR: [youtube] echeYDYFhlY: Sign in to confirm you’re not a bot. Use --cookies-from-browser or --cookies for the authentication. See  https://github.com/yt-dlp/yt-dlp/wiki/FAQ#how-do-i-pass-cookies-to-yt-dlp  for how to manually pass cookies. Also see  https://github.com/yt-dlp/yt-dlp/wiki/Extract
ed-1zAOr9PQ,390,400,age_signin_or_permission,"ERROR: [youtube] ed-1zAOr9PQ: This video is private. If the owner of this video has granted you access, please sign in. Use --cookies-from-browser or --cookies for the authentication. See  https://github.com/yt-dlp/yt-dlp/wiki/FAQ#how-do-i-pass-cookies-to-yt-dlp  for how to manually pass cookies. Al"
edKvAj0fYxQ,30,40,bot_check,ERROR: [youtube] edKvAj0fYxQ: Sign in to confirm you’re not a bot. Use --cookies-from-browser or --cookies for the authentication. See  https://github.com/yt-dlp/yt-dlp/wiki/FAQ#how-do-i-pass-cookies-to-yt-dlp  for how to manually pass cookies. Also see  https://github.com/yt-dlp/yt-dlp/wiki/Extract
em7akjDUsWk,30,40,bot_check,ERROR: [youtube] em7akjDUsWk: Sign in to confirm you’re not a bot. Use --cookies-from-browser or --cookies for the authentication. See  https://github.com/yt-dlp/yt-dlp/wiki/FAQ#how-do-i-pass-cookies-to-yt-dlp  for how to manually pass cookies. Also see  https://github.com/yt-dlp/yt-dlp/wiki/Extract
emP2Sg9QEg4,90,100,bot_check,ERROR: [youtube] emP2Sg9QEg4: Sign in to confirm you’re not a bot. Use --cookies-from-browser or --cookies for the authentication. See  https://github.com/yt-dlp/yt-dlp/wiki/FAQ#how-do-i-pass-cookies-to-yt-dlp  for how to manually pass cookies. Also see  https://github.com/yt-dlp/yt-dlp/wiki/Extract
evG8CQRCdV8,30,40,bot_check,ERROR: [youtube] evG8CQRCdV8: Sign in to confirm you’re not a bot. Use --cookies-from-browser or --cookies for the authentication. See  https://github.com/yt-dlp/yt-dlp/wiki/FAQ#how-do-i-pass-cookies-to-yt-dlp  for how to manually pass cookies. Also see  https://github.com/yt-dlp/yt-dlp/wiki/Extract
ewI4q7_4TBQ,30,40,bot_check,ERROR: [youtube] ewI4q7_4TBQ: Sign in to confirm you’re not a bot. Use --cookies-from-browser or --cookies for the authentication. See  https://github.com/yt-dlp/yt-dlp/wiki/FAQ#how-do-i-pass-cookies-to-yt-dlp  for how to manually pass cookies. Also see  https://github.com/yt-dlp/yt-dlp/wiki/Extract
eyFBIA_HOmE,30,40,bot_check,ERROR: [youtube] eyFBIA_HOmE: Sign in to confirm you’re not a bot. Use --cookies-from-browser or --cookies for the authentication. See  https://github.com/yt-dlp/yt-dlp/wiki/FAQ#how-do-i-pass-cookies-to-yt-dlp  for how to manually pass cookies. Also see  https://github.com/yt-dlp/yt-dlp/wiki/Extract
fBEGBuO3RXg,30,40,bot_check,ERROR: [youtube] fBEGBuO3RXg: Sign in to confirm you’re not a bot. Use --cookies-from-browser or --cookies for the authentication. See  https://github.com/yt-dlp/yt-dlp/wiki/FAQ#how-do-i-pass-cookies-to-yt-dlp  for how to manually pass cookies. Also see  https://github.com/yt-dlp/yt-dlp/wiki/Extract
fE7tbn6Fnw4,60,70,bot_check,ERROR: [youtube] fE7tbn6Fnw4: Sign in to confirm you’re not a bot. Use --cookies-from-browser or --cookies for the authentication. See  https://github.com/yt-dlp/yt-dlp/wiki/FAQ#how-do-i-pass-cookies-to-yt-dlp  for how to manually pass cookies. Also see  https://github.com/yt-dlp/yt-dlp/wiki/Extract
fEHsR679g1M,30,40,bot_check,ERROR: [youtube] fEHsR679g1M: Sign in to confirm you’re not a bot. Use --cookies-from-browser or --cookies for the authentication. See  https://github.com/yt-dlp/yt-dlp/wiki/FAQ#how-do-i-pass-cookies-to-yt-dlp  for how to manually pass cookies. Also see  https://github.com/yt-dlp/yt-dlp/wiki/Extract
fPIG7nrpgec,10,20,bot_check,ERROR: [youtube] fPIG7nrpgec: Sign in to confirm you’re not a bot. Use --cookies-from-browser or --cookies for the authentication. See  https://github.com/yt-dlp/yt-dlp/wiki/FAQ#how-do-i-pass-cookies-to-yt-dlp  for how to manually pass cookies. Also see  https://github.com/yt-dlp/yt-dlp/wiki/Extract
fQiSoVDFRjo,30,40,bot_check,ERROR: [youtube] fQiSoVDFRjo: Sign in to confirm you’re not a bot. Use --cookies-from-browser or --cookies for the authentication. See  https://github.com/yt-dlp/yt-dlp/wiki/FAQ#how-do-i-pass-cookies-to-yt-dlp  for how to manually pass cookies. Also see  https://github.com/yt-dlp/yt-dlp/wiki/Extract
fSJ4qAPHaVM,30,40,bot_check,ERROR: [youtube] fSJ4qAPHaVM: Sign in to confirm you’re not a bot. Use --cookies-from-browser or --cookies for the authentication. See  https://github.com/yt-dlp/yt-dlp/wiki/FAQ#how-do-i-pass-cookies-to-yt-dlp  for how to manually pass cookies. Also see  https://github.com/yt-dlp/yt-dlp/wiki/Extract
fTGZEmn3BY4,30,40,age_signin_or_permission,"ERROR: [youtube] fTGZEmn3BY4: This video is private. If the owner of this video has granted you access, please sign in. Use --cookies-from-browser or --cookies for the authentication. See  https://github.com/yt-dlp/yt-dlp/wiki/FAQ#how-do-i-pass-cookies-to-yt-dlp  for how to manually pass cookies. Al"
fWwV7o4VjEQ,30,40,bot_check,ERROR: [youtube] fWwV7o4VjEQ: Sign in to confirm you’re not a bot. Use --cookies-from-browser or --cookies for the authentication. See  https://github.com/yt-dlp/yt-dlp/wiki/FAQ#how-do-i-pass-cookies-to-yt-dlp  for how to manually pass cookies. Also see  https://github.com/yt-dlp/yt-dlp/wiki/Extract
fZyq2pM2-dI,30,40,account_terminated,ERROR: [youtube] fZyq2pM2-dI: This video is no longer available because the YouTube account associated with this video has been terminated.
fgCTFyzKQtk,30,40,bot_check,ERROR: [youtube] fgCTFyzKQtk: Sign in to confirm you’re not a bot. Use --cookies-from-browser or --cookies for the authentication. See  https://github.com/yt-dlp/yt-dlp/wiki/FAQ#how-do-i-pass-cookies-to-yt-dlp  for how to manually pass cookies. Also see  https://github.com/yt-dlp/yt-dlp/wiki/Extract
fvTh5m9RHZw,90,100,bot_check,ERROR: [youtube] fvTh5m9RHZw: Sign in to confirm you’re not a bot. Use --cookies-from-browser or --cookies for the authentication. See  https://github.com/yt-dlp/yt-dlp/wiki/FAQ#how-do-i-pass-cookies-to-yt-dlp  for how to manually pass cookies. Also see  https://github.com/yt-dlp/yt-dlp/wiki/Extract
fwXh_lMOqu0,330,340,age_signin_or_permission,"ERROR: [youtube] fwXh_lMOqu0: This video is private. If the owner of this video has granted you access, please sign in. Use --cookies-from-browser or --cookies for the authentication. See  https://github.com/yt-dlp/yt-dlp/wiki/FAQ#how-do-i-pass-cookies-to-yt-dlp  for how to manually pass cookies. Al"
fxznho_kNPY,90,100,bot_check,ERROR: [youtube] fxznho_kNPY: Sign in to confirm you’re not a bot. Use --cookies-from-browser or --cookies for the authentication. See  https://github.com/yt-dlp/yt-dlp/wiki/FAQ#how-do-i-pass-cookies-to-yt-dlp  for how to manually pass cookies. Also see  https://github.com/yt-dlp/yt-dlp/wiki/Extract
g-9SK0or81c,30,40,bot_check,ERROR: [youtube] g-9SK0or81c: Sign in to confirm you’re not a bot. Use --cookies-from-browser or --cookies for the authentication. See  https://github.com/yt-dlp/yt-dlp/wiki/FAQ#how-do-i-pass-cookies-to-yt-dlp  for how to manually pass cookies. Also see  https://github.com/yt-dlp/yt-dlp/wiki/Extract
g-ghr5fAVpE,30,40,bot_check,ERROR: [youtube] g-ghr5fAVpE: Sign in to confirm you’re not a bot. Use --cookies-from-browser or --cookies for the authentication. See  https://github.com/yt-dlp/yt-dlp/wiki/FAQ#how-do-i-pass-cookies-to-yt-dlp  for how to manually pass cookies. Also see  https://github.com/yt-dlp/yt-dlp/wiki/Extract
g0WLA0BKxOc,240,250,age_signin_or_permission,ERROR: [youtube] g0WLA0BKxOc: Please sign in. Use --cookies-from-browser or --cookies for the authentication. See  https://github.com/yt-dlp/yt-dlp/wiki/FAQ#how-do-i-pass-cookies-to-yt-dlp  for how to manually pass cookies. Also see  https://github.com/yt-dlp/yt-dlp/wiki/Extractors#exporting-youtube
g2H8i_TuhgI,30,40,bot_check,ERROR: [youtube] g2H8i_TuhgI: Sign in to confirm you’re not a bot. Use --cookies-from-browser or --cookies for the authentication. See  https://github.com/yt-dlp/yt-dlp/wiki/FAQ#how-do-i-pass-cookies-to-yt-dlp  for how to manually pass cookies. Also see  https://github.com/yt-dlp/yt-dlp/wiki/Extract
g75kz9ffcg0,30,40,bot_check,ERROR: [youtube] g75kz9ffcg0: Sign in to confirm you’re not a bot. Use --cookies-from-browser or --cookies for the authentication. See  https://github.com/yt-dlp/yt-dlp/wiki/FAQ#how-do-i-pass-cookies-to-yt-dlp  for how to manually pass cookies. Also see  https://github.com/yt-dlp/yt-dlp/wiki/Extract
g8USMvt9np0,10,20,other,ERROR: [youtube] g8USMvt9np0: We're processing this video. Check back later.
gD6UoStqCsg,40,50,bot_check,ERROR: [youtube] gD6UoStqCsg: Sign in to confirm you’re not a bot. Use --cookies-from-browser or --cookies for the authentication. See  https://github.com/yt-dlp/yt-dlp/wiki/FAQ#how-do-i-pass-cookies-to-yt-dlp  for how to manually pass cookies. Also see  https://github.com/yt-dlp/yt-dlp/wiki/Extract
gDm4IphrlYg,320,330,bot_check,ERROR: [youtube] gDm4IphrlYg: Sign in to confirm you’re not a bot. Use --cookies-from-browser or --cookies for the authentication. See  https://github.com/yt-dlp/yt-dlp/wiki/FAQ#how-do-i-pass-cookies-to-yt-dlp  for how to manually pass cookies. Also see  https://github.com/yt-dlp/yt-dlp/wiki/Extract
gDnJoHpSL4M,40,50,bot_check,ERROR: [youtube] gDnJoHpSL4M: Sign in to confirm you’re not a bot. Use --cookies-from-browser or --cookies for the authentication. See  https://github.com/yt-dlp/yt-dlp/wiki/FAQ#how-do-i-pass-cookies-to-yt-dlp  for how to manually pass cookies. Also see  https://github.com/yt-dlp/yt-dlp/wiki/Extract
gDzi8N3BYMw,30,40,bot_check,ERROR: [youtube] gDzi8N3BYMw: Sign in to confirm you’re not a bot. Use --cookies-from-browser or --cookies for the authentication. See  https://github.com/yt-dlp/yt-dlp/wiki/FAQ#how-do-i-pass-cookies-to-yt-dlp  for how to manually pass cookies. Also see  https://github.com/yt-dlp/yt-dlp/wiki/Extract
gHWMKew9Xq0,30,40,bot_check,ERROR: [youtube] gHWMKew9Xq0: Sign in to confirm you’re not a bot. Use --cookies-from-browser or --cookies for the authentication. See  https://github.com/yt-dlp/yt-dlp/wiki/FAQ#how-do-i-pass-cookies-to-yt-dlp  for how to manually pass cookies. Also see  https://github.com/yt-dlp/yt-dlp/wiki/Extract
gRGiTueWUVI,340,350,bot_check,ERROR: [youtube] gRGiTueWUVI: Sign in to confirm you’re not a bot. Use --cookies-from-browser or --cookies for the authentication. See  https://github.com/yt-dlp/yt-dlp/wiki/FAQ#how-do-i-pass-cookies-to-yt-dlp  for how to manually pass cookies. Also see  https://github.com/yt-dlp/yt-dlp/wiki/Extract
gXzqZIoM5g8,150,160,bot_check,ERROR: [youtube] gXzqZIoM5g8: Sign in to confirm you’re not a bot. Use --cookies-from-browser or --cookies for the authentication. See  https://github.com/yt-dlp/yt-dlp/wiki/FAQ#how-do-i-pass-cookies-to-yt-dlp  for how to manually pass cookies. Also see  https://github.com/yt-dlp/yt-dlp/wiki/Extract
gdtw54I8soM,0,10,unavailable,ERROR: [youtube] gdtw54I8soM: This video is unavailable
ggBivmG6yHQ,250,260,bot_check,ERROR: [youtube] ggBivmG6yHQ: Sign in to confirm you’re not a bot. Use --cookies-from-browser or --cookies for the authentication. See  https://github.com/yt-dlp/yt-dlp/wiki/FAQ#how-do-i-pass-cookies-to-yt-dlp  for how to manually pass cookies. Also see  https://github.com/yt-dlp/yt-dlp/wiki/Extract
go_7i6WvfeE,10,20,other,ERROR: [youtube] go_7i6WvfeE: It was blocked due to the claimed content by Believe Music.
gpEU6RafUf0,30,40,bot_check,ERROR: [youtube] gpEU6RafUf0: Sign in to confirm you’re not a bot. Use --cookies-from-browser or --cookies for the authentication. See  https://github.com/yt-dlp/yt-dlp/wiki/FAQ#how-do-i-pass-cookies-to-yt-dlp  for how to manually pass cookies. Also see  https://github.com/yt-dlp/yt-dlp/wiki/Extract
gqkqzqCHM3A,30,40,bot_check,ERROR: [youtube] gqkqzqCHM3A: Sign in to confirm you’re not a bot. Use --cookies-from-browser or --cookies for the authentication. See  https://github.com/yt-dlp/yt-dlp/wiki/FAQ#how-do-i-pass-cookies-to-yt-dlp  for how to manually pass cookies. Also see  https://github.com/yt-dlp/yt-dlp/wiki/Extract
gwBfZJ5IGOA,0,10,bot_check,ERROR: [youtube] gwBfZJ5IGOA: Sign in to confirm you’re not a bot. Use --cookies-from-browser or --cookies for the authentication. See  https://github.com/yt-dlp/yt-dlp/wiki/FAQ#how-do-i-pass-cookies-to-yt-dlp  for how to manually pass cookies. Also see  https://github.com/yt-dlp/yt-dlp/wiki/Extract
gxzU5EqNL14,30,40,bot_check,ERROR: [youtube] gxzU5EqNL14: Sign in to confirm you’re not a bot. Use --cookies-from-browser or --cookies for the authentication. See  https://github.com/yt-dlp/yt-dlp/wiki/FAQ#how-do-i-pass-cookies-to-yt-dlp  for how to manually pass cookies. Also see  https://github.com/yt-dlp/yt-dlp/wiki/Extract
gz-4W-uEzhc,30,40,other,ERROR: [youtube] gz-4W-uEzhc: This video may be inappropriate for some users.
h7DOBV43UPQ,90,100,bot_check,ERROR: [youtube] h7DOBV43UPQ: Sign in to confirm you’re not a bot. Use --cookies-from-browser or --cookies for the authentication. See  https://github.com/yt-dlp/yt-dlp/wiki/FAQ#how-do-i-pass-cookies-to-yt-dlp  for how to manually pass cookies. Also see  https://github.com/yt-dlp/yt-dlp/wiki/Extract
hCELSy7hVKE,80,90,bot_check,ERROR: [youtube] hCELSy7hVKE: Sign in to confirm you’re not a bot. Use --cookies-from-browser or --cookies for the authentication. See  https://github.com/yt-dlp/yt-dlp/wiki/FAQ#how-do-i-pass-cookies-to-yt-dlp  for how to manually pass cookies. Also see  https://github.com/yt-dlp/yt-dlp/wiki/Extract
hDzmNYd_eaA,30,40,bot_check,ERROR: [youtube] hDzmNYd_eaA: Sign in to confirm you’re not a bot. Use --cookies-from-browser or --cookies for the authentication. See  https://github.com/yt-dlp/yt-dlp/wiki/FAQ#how-do-i-pass-cookies-to-yt-dlp  for how to manually pass cookies. Also see  https://github.com/yt-dlp/yt-dlp/wiki/Extract
hHS5C0RKa8A,120,130,copyright_removed,ERROR: [youtube] hHS5C0RKa8A: It was removed following a copyright removal request by Universal Music Group
hIEj8msjg8E,30,40,bot_check,ERROR: [youtube] hIEj8msjg8E: Sign in to confirm you’re not a bot. Use --cookies-from-browser or --cookies for the authentication. See  https://github.com/yt-dlp/yt-dlp/wiki/FAQ#how-do-i-pass-cookies-to-yt-dlp  for how to manually pass cookies. Also see  https://github.com/yt-dlp/yt-dlp/wiki/Extract
hTAWbHXCJ2A,60,70,other,ERROR: [youtube] hTAWbHXCJ2A: This video may be inappropriate for some users.
hTlIqICkbW8,60,70,bot_check,ERROR: [youtube] hTlIqICkbW8: Sign in to confirm you’re not a bot. Use --cookies-from-browser or --cookies for the authentication. See  https://github.com/yt-dlp/yt-dlp/wiki/FAQ#how-do-i-pass-cookies-to-yt-dlp  for how to manually pass cookies. Also see  https://github.com/yt-dlp/yt-dlp/wiki/Extract
hUcuXIvDN2E,30,40,bot_check,ERROR: [youtube] hUcuXIvDN2E: Sign in to confirm you’re not a bot. Use --cookies-from-browser or --cookies for the authentication. See  https://github.com/yt-dlp/yt-dlp/wiki/FAQ#how-do-i-pass-cookies-to-yt-dlp  for how to manually pass cookies. Also see  https://github.com/yt-dlp/yt-dlp/wiki/Extract
hVikKRODjbI,110,120,unavailable,ERROR: [youtube] hVikKRODjbI: This video is unavailable
hbqdthlv6CU,40,50,bot_check,ERROR: [youtube] hbqdthlv6CU: Sign in to confirm you’re not a bot. Use --cookies-from-browser or --cookies for the authentication. See  https://github.com/yt-dlp/yt-dlp/wiki/FAQ#how-do-i-pass-cookies-to-yt-dlp  for how to manually pass cookies. Also see  https://github.com/yt-dlp/yt-dlp/wiki/Extract
hgGCfJoYDUU,30,40,bot_check,ERROR: [youtube] hgGCfJoYDUU: Sign in to confirm you’re not a bot. Use --cookies-from-browser or --cookies for the authentication. See  https://github.com/yt-dlp/yt-dlp/wiki/FAQ#how-do-i-pass-cookies-to-yt-dlp  for how to manually pass cookies. Also see  https://github.com/yt-dlp/yt-dlp/wiki/Extract
hhU78ykPr5w,180,190,bot_check,ERROR: [youtube] hhU78ykPr5w: Sign in to confirm you’re not a bot. Use --cookies-from-browser or --cookies for the authentication. See  https://github.com/yt-dlp/yt-dlp/wiki/FAQ#how-do-i-pass-cookies-to-yt-dlp  for how to manually pass cookies. Also see  https://github.com/yt-dlp/yt-dlp/wiki/Extract
hkWOAj09_dY,30,40,bot_check,ERROR: [youtube] hkWOAj09_dY: Sign in to confirm you’re not a bot. Use --cookies-from-browser or --cookies for the authentication. See  https://github.com/yt-dlp/yt-dlp/wiki/FAQ#how-do-i-pass-cookies-to-yt-dlp  for how to manually pass cookies. Also see  https://github.com/yt-dlp/yt-dlp/wiki/Extract
hlHb9HwNxk8,110,120,bot_check,ERROR: [youtube] hlHb9HwNxk8: Sign in to confirm you’re not a bot. Use --cookies-from-browser or --cookies for the authentication. See  https://github.com/yt-dlp/yt-dlp/wiki/FAQ#how-do-i-pass-cookies-to-yt-dlp  for how to manually pass cookies. Also see  https://github.com/yt-dlp/yt-dlp/wiki/Extract
hwp7wCKIXg4,0,10,unavailable,ERROR: [youtube] hwp7wCKIXg4: This video is unavailable
i8PFu7AiwaE,160,170,bot_check,ERROR: [youtube] i8PFu7AiwaE: Sign in to confirm you’re not a bot. Use --cookies-from-browser or --cookies for the authentication. See  https://github.com/yt-dlp/yt-dlp/wiki/FAQ#how-do-i-pass-cookies-to-yt-dlp  for how to manually pass cookies. Also see  https://github.com/yt-dlp/yt-dlp/wiki/Extract
i8bt6Mb0rUc,10,20,bot_check,ERROR: [youtube] i8bt6Mb0rUc: Sign in to confirm you’re not a bot. Use --cookies-from-browser or --cookies for the authentication. See  https://github.com/yt-dlp/yt-dlp/wiki/FAQ#how-do-i-pass-cookies-to-yt-dlp  for how to manually pass cookies. Also see  https://github.com/yt-dlp/yt-dlp/wiki/Extract
iDvva_WCo-I,30,40,bot_check,ERROR: [youtube] iDvva_WCo-I: Sign in to confirm you’re not a bot. Use --cookies-from-browser or --cookies for the authentication. See  https://github.com/yt-dlp/yt-dlp/wiki/FAQ#how-do-i-pass-cookies-to-yt-dlp  for how to manually pass cookies. Also see  https://github.com/yt-dlp/yt-dlp/wiki/Extract
iEcWlreXhGc,30,40,account_terminated,ERROR: [youtube] iEcWlreXhGc: This video is no longer available because the YouTube account associated with this video has been terminated.
iHYOaGNdweo,230,240,bot_check,ERROR: [youtube] iHYOaGNdweo: Sign in to confirm you’re not a bot. Use --cookies-from-browser or --cookies for the authentication. See  https://github.com/yt-dlp/yt-dlp/wiki/FAQ#how-do-i-pass-cookies-to-yt-dlp  for how to manually pass cookies. Also see  https://github.com/yt-dlp/yt-dlp/wiki/Extract
iS-iTbHndw8,190,200,bot_check,ERROR: [youtube] iS-iTbHndw8: Sign in to confirm you’re not a bot. Use --cookies-from-browser or --cookies for the authentication. See  https://github.com/yt-dlp/yt-dlp/wiki/FAQ#how-do-i-pass-cookies-to-yt-dlp  for how to manually pass cookies. Also see  https://github.com/yt-dlp/yt-dlp/wiki/Extract
iTWZsfVCyBs,30,40,bot_check,ERROR: [youtube] iTWZsfVCyBs: Sign in to confirm you’re not a bot. Use --cookies-from-browser or --cookies for the authentication. See  https://github.com/yt-dlp/yt-dlp/wiki/FAQ#how-do-i-pass-cookies-to-yt-dlp  for how to manually pass cookies. Also see  https://github.com/yt-dlp/yt-dlp/wiki/Extract
iVBNoH6XgW4,30,40,bot_check,ERROR: [youtube] iVBNoH6XgW4: Sign in to confirm you’re not a bot. Use --cookies-from-browser or --cookies for the authentication. See  https://github.com/yt-dlp/yt-dlp/wiki/FAQ#how-do-i-pass-cookies-to-yt-dlp  for how to manually pass cookies. Also see  https://github.com/yt-dlp/yt-dlp/wiki/Extract
iX_a2Ct0ya8,200,210,bot_check,ERROR: [youtube] iX_a2Ct0ya8: Sign in to confirm you’re not a bot. Use --cookies-from-browser or --cookies for the authentication. See  https://github.com/yt-dlp/yt-dlp/wiki/FAQ#how-do-i-pass-cookies-to-yt-dlp  for how to manually pass cookies. Also see  https://github.com/yt-dlp/yt-dlp/wiki/Extract
iXgEQj1Fs7g,540,550,account_terminated,ERROR: [youtube] iXgEQj1Fs7g: This video is no longer available because the YouTube account associated with this video has been terminated.
iZjIuV_cTe8,210,220,bot_check,ERROR: [youtube] iZjIuV_cTe8: Sign in to confirm you’re not a bot. Use --cookies-from-browser or --cookies for the authentication. See  https://github.com/yt-dlp/yt-dlp/wiki/FAQ#how-do-i-pass-cookies-to-yt-dlp  for how to manually pass cookies. Also see  https://github.com/yt-dlp/yt-dlp/wiki/Extract
i_G_0vgEYJg,30,40,account_terminated,ERROR: [youtube] i_G_0vgEYJg: This video is no longer available because the YouTube account associated with this video has been terminated.
icomsHXY8YA,30,40,bot_check,ERROR: [youtube] icomsHXY8YA: Sign in to confirm you’re not a bot. Use --cookies-from-browser or --cookies for the authentication. See  https://github.com/yt-dlp/yt-dlp/wiki/FAQ#how-do-i-pass-cookies-to-yt-dlp  for how to manually pass cookies. Also see  https://github.com/yt-dlp/yt-dlp/wiki/Extract
idUZsNLnyDg,30,40,bot_check,ERROR: [youtube] idUZsNLnyDg: Sign in to confirm you’re not a bot. Use --cookies-from-browser or --cookies for the authentication. See  https://github.com/yt-dlp/yt-dlp/wiki/FAQ#how-do-i-pass-cookies-to-yt-dlp  for how to manually pass cookies. Also see  https://github.com/yt-dlp/yt-dlp/wiki/Extract
idVCpQaByc4,70,80,other,ERROR: [youtube] idVCpQaByc4: We're processing this video. Check back later.
itgeNVRhBKs,490,500,unavailable,ERROR: [youtube] itgeNVRhBKs: This video is unavailable
iuNpXisjsLY,30,40,other,ERROR: [youtube] iuNpXisjsLY: The uploader has not made this video available in your country
izVCz3P43p8,10,20,bot_check,ERROR: [youtube] izVCz3P43p8: Sign in to confirm you’re not a bot. Use --cookies-from-browser or --cookies for the authentication. See  https://github.com/yt-dlp/yt-dlp/wiki/FAQ#how-do-i-pass-cookies-to-yt-dlp  for how to manually pass cookies. Also see  https://github.com/yt-dlp/yt-dlp/wiki/Extract
j9hAUlz5kQs,30,40,age_signin_or_permission,"ERROR: [youtube] j9hAUlz5kQs: This video is private. If the owner of this video has granted you access, please sign in. Use --cookies-from-browser or --cookies for the authentication. See  https://github.com/yt-dlp/yt-dlp/wiki/FAQ#how-do-i-pass-cookies-to-yt-dlp  for how to manually pass cookies. Al"
jIoDR_eskaU,80,90,bot_check,ERROR: [youtube] jIoDR_eskaU: Sign in to confirm you’re not a bot. Use --cookies-from-browser or --cookies for the authentication. See  https://github.com/yt-dlp/yt-dlp/wiki/FAQ#how-do-i-pass-cookies-to-yt-dlp  for how to manually pass cookies. Also see  https://github.com/yt-dlp/yt-dlp/wiki/Extract
jPBg5cR8XeA,170,180,bot_check,ERROR: [youtube] jPBg5cR8XeA: Sign in to confirm you’re not a bot. Use --cookies-from-browser or --cookies for the authentication. See  https://github.com/yt-dlp/yt-dlp/wiki/FAQ#how-do-i-pass-cookies-to-yt-dlp  for how to manually pass cookies. Also see  https://github.com/yt-dlp/yt-dlp/wiki/Extract
jPOWgfA0zAo,30,40,age_signin_or_permission,"ERROR: [youtube] jPOWgfA0zAo: This video is private. If the owner of this video has granted you access, please sign in. Use --cookies-from-browser or --cookies for the authentication. See  https://github.com/yt-dlp/yt-dlp/wiki/FAQ#how-do-i-pass-cookies-to-yt-dlp  for how to manually pass cookies. Al"
jaJdPUAv6N0,30,40,bot_check,ERROR: [youtube] jaJdPUAv6N0: Sign in to confirm you’re not a bot. Use --cookies-from-browser or --cookies for the authentication. See  https://github.com/yt-dlp/yt-dlp/wiki/FAQ#how-do-i-pass-cookies-to-yt-dlp  for how to manually pass cookies. Also see  https://github.com/yt-dlp/yt-dlp/wiki/Extract
jmPmqzxlOTY,30,40,age_signin_or_permission,"ERROR: [youtube] jmPmqzxlOTY: This video is private. If the owner of this video has granted you access, please sign in. Use --cookies-from-browser or --cookies for the authentication. See  https://github.com/yt-dlp/yt-dlp/wiki/FAQ#how-do-i-pass-cookies-to-yt-dlp  for how to manually pass cookies. Al"
k-LkhT4HAiE,300,310,unavailable,ERROR: [youtube] k-LkhT4HAiE: This video is unavailable
k9w2aaNKenE,40,50,age_signin_or_permission,"ERROR: [youtube] k9w2aaNKenE: This video is private. If the owner of this video has granted you access, please sign in. Use --cookies-from-browser or --cookies for the authentication. See  https://github.com/yt-dlp/yt-dlp/wiki/FAQ#how-do-i-pass-cookies-to-yt-dlp  for how to manually pass cookies. Al"
keIvA2wSPZc,30,40,other,ERROR: [youtube] keIvA2wSPZc: It was blocked due to the claimed content by UMG.
kg8FwhL_fqs,200,210,account_terminated,ERROR: [youtube] kg8FwhL_fqs: This video is no longer available because the YouTube account associated with this video has been terminated.
kjmmzA6i5rk,60,70,age_signin_or_permission,ERROR: [youtube] kjmmzA6i5rk: Please sign in. Use --cookies-from-browser or --cookies for the authentication. See  https://github.com/yt-dlp/yt-dlp/wiki/FAQ#how-do-i-pass-cookies-to-yt-dlp  for how to manually pass cookies. Also see  https://github.com/yt-dlp/yt-dlp/wiki/Extractors#exporting-youtube
lFv1MJSSWNs,30,40,age_signin_or_permission,ERROR: [youtube] lFv1MJSSWNs: Please sign in. Use --cookies-from-browser or --cookies for the authentication. See  https://github.com/yt-dlp/yt-dlp/wiki/FAQ#how-do-i-pass-cookies-to-yt-dlp  for how to manually pass cookies. Also see  https://github.com/yt-dlp/yt-dlp/wiki/Extractors#exporting-youtube
lRC2lurjPBw,30,40,other,ERROR: [youtube] lRC2lurjPBw: We're processing this video. Check back later.
lTLsL94ABRs,30,40,account_terminated,ERROR: [youtube] lTLsL94ABRs: This video is no longer available because the YouTube account associated with this video has been terminated.
lrk00BNiuD4,30,40,unavailable,ERROR: [youtube] lrk00BNiuD4: This video is unavailable
m-S-yqzlOj4,170,180,other,ERROR: [youtube] m-S-yqzlOj4: This video may be inappropriate for some users.
m-e3w2yZ6sM,30,40,unavailable,ERROR: [youtube] m-e3w2yZ6sM: This video is unavailable
m-xxD1fGPnU,0,10,account_terminated,ERROR: [youtube] m-xxD1fGPnU: This video is no longer available because the YouTube account associated with this video has been terminated.
m9MQdg0k1t0,30,40,unavailable,ERROR: [youtube] m9MQdg0k1t0: This video is unavailable
nTtxF9Wyw6o,30,40,unavailable,ERROR: [youtube] nTtxF9Wyw6o: This video is unavailable
nZmhIHZINL8,520,530,age_signin_or_permission,"ERROR: [youtube] nZmhIHZINL8: This video is private. If the owner of this video has granted you access, please sign in. Use --cookies-from-browser or --cookies for the authentication. See  https://github.com/yt-dlp/yt-dlp/wiki/FAQ#how-do-i-pass-cookies-to-yt-dlp  for how to manually pass cookies. Al"
nn2TnOGCHDI,20,30,age_signin_or_permission,"ERROR: [youtube] nn2TnOGCHDI: This video is private. If the owner of this video has granted you access, please sign in. Use --cookies-from-browser or --cookies for the authentication. See  https://github.com/yt-dlp/yt-dlp/wiki/FAQ#how-do-i-pass-cookies-to-yt-dlp  for how to manually pass cookies. Al"
nr9oLIsbDyQ,10,20,age_signin_or_permission,"ERROR: [youtube] nr9oLIsbDyQ: This video is private. If the owner of this video has granted you access, please sign in. Use --cookies-from-browser or --cookies for the authentication. See  https://github.com/yt-dlp/yt-dlp/wiki/FAQ#how-do-i-pass-cookies-to-yt-dlp  for how to manually pass cookies. Al"
nvrMO6TDu2g,110,120,copyright_removed,ERROR: [youtube] nvrMO6TDu2g: It was removed following a copyright removal request by NHK
oGbNzR_lpSk,480,490,bot_check,ERROR: [youtube] oGbNzR_lpSk: Sign in to confirm you’re not a bot. Use --cookies-from-browser or --cookies for the authentication. See  https://github.com/yt-dlp/yt-dlp/wiki/FAQ#how-do-i-pass-cookies-to-yt-dlp  for how to manually pass cookies. Also see  https://github.com/yt-dlp/yt-dlp/wiki/Extract
ocCIB2bPq_Y,30,40,unavailable,ERROR: [youtube] ocCIB2bPq_Y: This video is unavailable
opu2tXoVNKU,130,140,account_terminated,ERROR: [youtube] opu2tXoVNKU: This video is no longer available because the YouTube account associated with this video has been terminated.
pHzjKCj9INw,30,40,age_signin_or_permission,"ERROR: [youtube] pHzjKCj9INw: This video is private. If the owner of this video has granted you access, please sign in. Use --cookies-from-browser or --cookies for the authentication. See  https://github.com/yt-dlp/yt-dlp/wiki/FAQ#how-do-i-pass-cookies-to-yt-dlp  for how to manually pass cookies. Al"
q87TmUmVg0Y,130,140,unavailable,ERROR: [youtube] q87TmUmVg0Y: This video is unavailable
qIxpfaeZ-zs,380,390,account_terminated,ERROR: [youtube] qIxpfaeZ-zs: This video is no longer available because the YouTube account associated with this video has been terminated.
qKXhSGaudtk,150,160,other,ERROR: [youtube] qKXhSGaudtk: This video is not available
qM8F6ECriRc,50,60,age_signin_or_permission,"ERROR: [youtube] qM8F6ECriRc: This video is private. If the owner of this video has granted you access, please sign in. Use --cookies-from-browser or --cookies for the authentication. See  https://github.com/yt-dlp/yt-dlp/wiki/FAQ#how-do-i-pass-cookies-to-yt-dlp  for how to manually pass cookies. Al"
qUWYzx7pBSw,40,50,unavailable,ERROR: [youtube] qUWYzx7pBSw: This video is unavailable
qc1DaM4kdO0,30,40,age_signin_or_permission,"ERROR: [youtube] qc1DaM4kdO0: This video is private. If the owner of this video has granted you access, please sign in. Use --cookies-from-browser or --cookies for the authentication. See  https://github.com/yt-dlp/yt-dlp/wiki/FAQ#how-do-i-pass-cookies-to-yt-dlp  for how to manually pass cookies. Al"
qoBC2wimalI,30,40,age_signin_or_permission,"ERROR: [youtube] qoBC2wimalI: This video is private. If the owner of this video has granted you access, please sign in. Use --cookies-from-browser or --cookies for the authentication. See  https://github.com/yt-dlp/yt-dlp/wiki/FAQ#how-do-i-pass-cookies-to-yt-dlp  for how to manually pass cookies. Al"
qpt3umHYfmY,30,40,age_signin_or_permission,"ERROR: [youtube] qpt3umHYfmY: This video is private. If the owner of this video has granted you access, please sign in. Use --cookies-from-browser or --cookies for the authentication. See  https://github.com/yt-dlp/yt-dlp/wiki/FAQ#how-do-i-pass-cookies-to-yt-dlp  for how to manually pass cookies. Al"
qyCea2TuUV4,100,110,unavailable,ERROR: [youtube] qyCea2TuUV4: This video is unavailable
rQeikHMQGOM,30,40,unavailable,ERROR: [youtube] rQeikHMQGOM: This video is unavailable
rfah0bhmYkc,30,40,age_signin_or_permission,"ERROR: [youtube] rfah0bhmYkc: This video is private. If the owner of this video has granted you access, please sign in. Use --cookies-from-browser or --cookies for the authentication. See  https://github.com/yt-dlp/yt-dlp/wiki/FAQ#how-do-i-pass-cookies-to-yt-dlp  for how to manually pass cookies. Al"
rnuGOQ-aSjs,80,90,age_signin_or_permission,"ERROR: [youtube] rnuGOQ-aSjs: This video is private. If the owner of this video has granted you access, please sign in. Use --cookies-from-browser or --cookies for the authentication. See  https://github.com/yt-dlp/yt-dlp/wiki/FAQ#how-do-i-pass-cookies-to-yt-dlp  for how to manually pass cookies. Al"
s1c8RF7lKv0,50,60,unavailable,ERROR: [youtube] s1c8RF7lKv0: This video is unavailable
s6U8DtBK3Us,30,40,account_terminated,ERROR: [youtube] s6U8DtBK3Us: This video is no longer available because the YouTube account associated with this video has been terminated.
sXwa1Akj1t0,150,160,age_signin_or_permission,"ERROR: [youtube] sXwa1Akj1t0: This video is private. If the owner of this video has granted you access, please sign in. Use --cookies-from-browser or --cookies for the authentication. See  https://github.com/yt-dlp/yt-dlp/wiki/FAQ#how-do-i-pass-cookies-to-yt-dlp  for how to manually pass cookies. Al"
s_LMd1_XN1w,30,40,age_signin_or_permission,"ERROR: [youtube] s_LMd1_XN1w: This video is private. If the owner of this video has granted you access, please sign in. Use --cookies-from-browser or --cookies for the authentication. See  https://github.com/yt-dlp/yt-dlp/wiki/FAQ#how-do-i-pass-cookies-to-yt-dlp  for how to manually pass cookies. Al"
sxMYFYDNF_g,140,150,age_signin_or_permission,"ERROR: [youtube] sxMYFYDNF_g: This video is private. If the owner of this video has granted you access, please sign in. Use --cookies-from-browser or --cookies for the authentication. See  https://github.com/yt-dlp/yt-dlp/wiki/FAQ#how-do-i-pass-cookies-to-yt-dlp  for how to manually pass cookies. Al"
t-yy7v7P0IE,100,110,age_signin_or_permission,"ERROR: [youtube] t-yy7v7P0IE: This video is private. If the owner of this video has granted you access, please sign in. Use --cookies-from-browser or --cookies for the authentication. See  https://github.com/yt-dlp/yt-dlp/wiki/FAQ#how-do-i-pass-cookies-to-yt-dlp  for how to manually pass cookies. Al"
t5fW1-6iXZY,70,80,unavailable,ERROR: [youtube] t5fW1-6iXZY: This video is unavailable
tEZU-ZRhSoY,80,90,account_terminated,ERROR: [youtube] tEZU-ZRhSoY: This video is no longer available because the YouTube account associated with this video has been terminated.
tFVvupXoRoM,30,40,unavailable,ERROR: [youtube] tFVvupXoRoM: This video is unavailable
tMMjurLqYJQ,0,10,account_terminated,ERROR: [youtube] tMMjurLqYJQ: This video is no longer available because the YouTube account associated with this video has been terminated.
tV2m7HFJprU,230,240,other,ERROR: [youtube] tV2m7HFJprU: This video has been removed for violating YouTube's Terms of Service
tju-t_Bz_W8,30,40,age_signin_or_permission,"ERROR: [youtube] tju-t_Bz_W8: This video is private. If the owner of this video has granted you access, please sign in. Use --cookies-from-browser or --cookies for the authentication. See  https://github.com/yt-dlp/yt-dlp/wiki/FAQ#how-do-i-pass-cookies-to-yt-dlp  for how to manually pass cookies. Al"
tk4s-nlhmEQ,30,40,account_terminated,ERROR: [youtube] tk4s-nlhmEQ: This video is no longer available because the YouTube account associated with this video has been terminated.
u1a5eyk-9ig,10,20,age_signin_or_permission,"ERROR: [youtube] u1a5eyk-9ig: This video is private. If the owner of this video has granted you access, please sign in. Use --cookies-from-browser or --cookies for the authentication. See  https://github.com/yt-dlp/yt-dlp/wiki/FAQ#how-do-i-pass-cookies-to-yt-dlp  for how to manually pass cookies. Al"
uqUNGNZoxrg,110,120,age_signin_or_permission,ERROR: [youtube] uqUNGNZoxrg: Please sign in. Use --cookies-from-browser or --cookies for the authentication. See  https://github.com/yt-dlp/yt-dlp/wiki/FAQ#how-do-i-pass-cookies-to-yt-dlp  for how to manually pass cookies. Also see  https://github.com/yt-dlp/yt-dlp/wiki/Extractors#exporting-youtube
vNPL092rPgQ,50,60,age_signin_or_permission,ERROR: [youtube] vNPL092rPgQ: Please sign in. Use --cookies-from-browser or --cookies for the authentication. See  https://github.com/yt-dlp/yt-dlp/wiki/FAQ#how-do-i-pass-cookies-to-yt-dlp  for how to manually pass cookies. Also see  https://github.com/yt-dlp/yt-dlp/wiki/Extractors#exporting-youtube
vOAXAoHtl7o,150,160,age_signin_or_permission,"ERROR: [youtube] vOAXAoHtl7o: This video is private. If the owner of this video has granted you access, please sign in. Use --cookies-from-browser or --cookies for the authentication. See  https://github.com/yt-dlp/yt-dlp/wiki/FAQ#how-do-i-pass-cookies-to-yt-dlp  for how to manually pass cookies. Al"
vVNWjq9byoQ,320,330,age_signin_or_permission,"ERROR: [youtube] vVNWjq9byoQ: This video is private. If the owner of this video has granted you access, please sign in. Use --cookies-from-browser or --cookies for the authentication. See  https://github.com/yt-dlp/yt-dlp/wiki/FAQ#how-do-i-pass-cookies-to-yt-dlp  for how to manually pass cookies. Al"
vsDriIwNAmU,30,40,unavailable,ERROR: [youtube] vsDriIwNAmU: This video is unavailable
w-qG-P9E1U4,500,510,age_signin_or_permission,"ERROR: [youtube] w-qG-P9E1U4: This video is private. If the owner of this video has granted you access, please sign in. Use --cookies-from-browser or --cookies for the authentication. See  https://github.com/yt-dlp/yt-dlp/wiki/FAQ#how-do-i-pass-cookies-to-yt-dlp  for how to manually pass cookies. Al"
w09XinexaIY,20,30,age_signin_or_permission,ERROR: [youtube] w09XinexaIY: Please sign in. Use --cookies-from-browser or --cookies for the authentication. See  https://github.com/yt-dlp/yt-dlp/wiki/FAQ#how-do-i-pass-cookies-to-yt-dlp  for how to manually pass cookies. Also see  https://github.com/yt-dlp/yt-dlp/wiki/Extractors#exporting-youtube
w6zHc6nRJ0o,220,230,unavailable,ERROR: [youtube] w6zHc6nRJ0o: This video is unavailable
wBe5tW8iJew,0,10,unavailable,ERROR: [youtube] wBe5tW8iJew: This video is unavailable
wSeT9dlfDTc,30,40,age_signin_or_permission,"ERROR: [youtube] wSeT9dlfDTc: This video is private. If the owner of this video has granted you access, please sign in. Use --cookies-from-browser or --cookies for the authentication. See  https://github.com/yt-dlp/yt-dlp/wiki/FAQ#how-do-i-pass-cookies-to-yt-dlp  for how to manually pass cookies. Al"
wTPI3MHqxSQ,190,200,other,ERROR: [youtube] wTPI3MHqxSQ: It was blocked due to the claimed content by SME.
yNIZaqTHUnc,30,40,unavailable,ERROR: [youtube] yNIZaqTHUnc: This video is unavailable
yzT9nsHslAk,30,40,age_signin_or_permission,"ERROR: [youtube] yzT9nsHslAk: This video is private. If the owner of this video has granted you access, please sign in. Use --cookies-from-browser or --cookies for the authentication. See  https://github.com/yt-dlp/yt-dlp/wiki/FAQ#how-do-i-pass-cookies-to-yt-dlp  for how to manually pass cookies. Al"
z4ewUsnIJKI,580,590,age_signin_or_permission,"ERROR: [youtube] z4ewUsnIJKI: This video is private. If the owner of this video has granted you access, please sign in. Use --cookies-from-browser or --cookies for the authentication. See  https://github.com/yt-dlp/yt-dlp/wiki/FAQ#how-do-i-pass-cookies-to-yt-dlp  for how to manually pass cookies. Al"
zCrpaLEq1VQ,50,60,age_signin_or_permission,"ERROR: [youtube] zCrpaLEq1VQ: This video is private. If the owner of this video has granted you access, please sign in. Use --cookies-from-browser or --cookies for the authentication. See  https://github.com/yt-dlp/yt-dlp/wiki/FAQ#how-do-i-pass-cookies-to-yt-dlp  for how to manually pass cookies. Al"
zSSIGv82318,10,20,age_signin_or_permission,"ERROR: [youtube] zSSIGv82318: This video is private. If the owner of this video has granted you access, please sign in. Use --cookies-from-browser or --cookies for the authentication. See  https://github.com/yt-dlp/yt-dlp/wiki/FAQ#how-do-i-pass-cookies-to-yt-dlp  for how to manually pass cookies. Al"
zSq2D_GF00o,90,100,age_signin_or_permission,"ERROR: [youtube] zSq2D_GF00o: This video is private. If the owner of this video has granted you access, please sign in. Use --cookies-from-browser or --cookies for the authentication. See  https://github.com/yt-dlp/yt-dlp/wiki/FAQ#how-do-i-pass-cookies-to-yt-dlp  for how to manually pass cookies. Al"
zTuxNA1y6Os,80,90,other,ERROR: [youtube] zTuxNA1y6Os: This video may be inappropriate for some users.
zWEznZ40k2Q,30,40,copyright_removed,ERROR: [youtube] zWEznZ40k2Q: It was removed following a copyright removal request by JAPAN BROADCASTING CORPORATION
zyXa2tdBTGc,30,40,bot_check,ERROR: [youtube] zyXa2tdBTGc: Sign in to confirm you’re not a bot. Use --cookies-from-browser or --cookies for the authentication. See  https://github.com/yt-dlp/yt-dlp/wiki/FAQ#how-do-i-pass-cookies-to-yt-dlp  for how to manually pass cookies. Also see  https://github.com/yt-dlp/yt-dlp/wiki/Extract
